{
    "resolution": {
        "width": 1280,
        "height": 720
    },
    "cameraIntrinsics": {
        "rows": 3,
        "cols": 3,
        "type": 6,
        "data": [
            724.5320738,
            0,
            667.9175889,
            0,
            722.5355617,
            379.2057395,
            0,
            0,
            1
        ]
    },
    "distCoeffs": {
        "rows": 1,
        "cols": 8,
        "type": 6,
        "data": [
            0.04033925542,
            -0.01952446078,
            -0.0007935471532,
            0.004299689088,
            0.05203632507,
            -0.009327670281,
            0.04970390305,
            0.04688153601
        ]
    },
    "observations": [],
    "calobjectWarp": [],
    "calobjectSize": {
        "width": 0,
        "height": 0
    },
    "calobjectSpacing": 0
}