{
    "resolution": {
        "width": 1280,
        "height": 720
    },
    "cameraIntrinsics": {
        "rows": 3,
        "cols": 3,
        "type": 6,
        "data": [
            723.2910677,
            0,
            651.5099417,
            0,
            721.5221649,
            367.5116122,
            0,
            0,
            1
        ]
    },
    "distCoeffs": {
        "rows": 1,
        "cols": 8,
        "type": 6,
        "data": [
            0.04374849973,
            -0.05091195758,
            -0.0007110579816,
            0.004740283759,
            0.0235915228,
            -0.005092663701,
            0.02056618197,
            0.01388794251
        ]
    },
    "observations": [],
    "calobjectWarp": [],
    "calobjectSize": {
        "width": 0,
        "height": 0
    },
    "calobjectSpacing": 0
}