{
    "resolution": {
        "width": 1280,
        "height": 720
    },
    "cameraIntrinsics": {
        "rows": 3,
        "cols": 3,
        "type": 6,
        "data": [
            729.4213727,
            0,
            655.015867,
            0,
            731.4295754,
            382.8597058,
            0,
            0,
            1
        ]
    },
    "distCoeffs": {
        "rows": 1,
        "cols": 8,
        "type": 6,
        "data": [
            0.03988340057,
            -0.04769197263,
            -0.004686846582,
            -0.001449662802,
            0.009375611247,
            -0.001414032966,
            0.01036669578,
            0.01173147695
        ]
    },
    "observations": [],
    "calobjectWarp": [],
    "calobjectSize": {
        "width": 0,
        "height": 0
    },
    "calobjectSpacing": 0
}